{
  "converse_collapse": {
    "alpha": [
      0.0,
      0.1,
      0.2,
      0.30000000000000004,
      0.4,
      0.5,
      0.6000000000000001,
      0.7000000000000001,
      0.8,
      0.9,
      1.0
    ],
    "auc_after_emp": [
      0.8895652677777778,
      0.87910174,
      0.8642049638888889,
      0.8466955119444445,
      0.8284806913888889,
      0.8063690222222222,
      0.7801178469444444,
      0.7499761988888889,
      0.7072698227777777,
      0.6518158822222222,
      0.49926686138888887
    ],
    "auc_after_theory": [
      0.8896643190400766,
      0.8773609415966135,
      0.8633391608538508,
      0.847246456569373,
      0.8286091444260442,
      0.8067618846143836,
      0.7807109869595,
      0.7488325228197489,
      0.7080587896148174,
      0.6507323208483307,
      0.5
    ],
    "auc_before_theory": [
      0.8896643190400766,
      0.8896643190400766,
      0.8896643190400766,
      0.8896643190400766,
      0.8896643190400766,
      0.8896643190400766,
      0.8896643190400766,
      0.8896643190400766,
      0.8896643190400766,
      0.8896643190400766,
      0.8896643190400766
    ]
  },
  "rate_survival": {
    "D": [
      0.1,
      0.1519911082952934,
      0.23101297000831597,
      0.3511191734215131,
      0.533669923120631,
      0.8111308307896873,
      1.232846739442066,
      1.8738174228603839,
      2.848035868435802,
      4.328761281083059,
      6.5793322465756825,
      10.0
    ],
    "exponent_invariant": [
      0.025091597734906074,
      0.03813699748628048,
      0.05796484514994585,
      0.0881014105650533,
      0.13390631034161124,
      0.20352568516555,
      0.30934094454870875,
      0.4701707300307115,
      0.7146177034537502,
      1.086155367553728,
      1.6508595809537292,
      2.5091597734906066
    ],
    "exponent_posthoc": [
      -7.708125464231844e-19,
      5.254488191284732e-19,
      -1.1426392765238014e-18,
      3.9447998386517854e-19,
      -3.89314569864069e-18,
      -2.616867078271076e-18,
      1.419280474058387e-18,
      -8.690216422691091e-18,
      -4.3111023297317735e-18,
      -1.1333445354672846e-17,
      -2.5125979042735174e-17,
      -8.720346906186737e-18
    ],
    "Rlb_invariant_nats": [
      0.06952552901585064,
      0.10312333742029371,
      0.15212049061969013,
      0.22227724143465394,
      0.32060563496673566,
      0.45927143381011276,
      0.6547498566263644,
      0.9288023144838113,
      1.3094520940668317,
      1.8262721438480918,
      2.503599256175857,
      3.3676971481518825
    ],
    "Rlb_nullspace_nats": [
      0.0,
      0.0,
      0.0,
      0.0,
      0.0,
      0.0,
      0.0,
      0.0,
      0.0,
      0.0,
      0.0,
      0.0
    ]
  },
  "theory_vs_sim": {
    "auc_empirical": [
      0.50012293125,
      0.903299268125,
      0.793291850625,
      0.7570170425,
      0.92058300125,
      0.809011226875,
      0.829438925,
      0.498978689375,
      0.919081505,
      0.86443225625,
      0.86517186375,
      0.7247734475,
      0.888024776875,
      0.913841325,
      0.890323029375,
      0.71149048875,
      0.89946326375,
      0.50080437125,
      0.88698911375,
      0.9153675775,
      0.913432141875,
      0.914664369375,
      0.4983726275,
      0.779906194375,
      0.709537421875,
      0.896578455625,
      0.499827436875,
      0.903371593125,
      0.870934589375,
      0.81967282125,
      0.87546805375,
      0.49946097375,
      0.890656426875,
      0.499428884375,
      0.703666961875,
      0.86748124625,
      0.910503061875,
      0.9187803225,
      0.500800300625,
      0.890259479375,
      0.82566802625,
      0.719285458125,
      0.90705439375,
      0.7230435975,
      0.49892450875,
      0.870657734375,
      0.880218514375,
      0.758146333125,
      0.8115546225,
      0.49609348125,
      0.914955296875,
      0.500437085,
      0.88040743375,
      0.89026524375,
      0.840546575625,
      0.50020660375,
      0.892920336875,
      0.884676759375,
      0.875556703125,
      0.715661950625
    ],
    "auc_theory": [
      0.5000000000000001,
      0.9038741278764002,
      0.794324322894927,
      0.7586111377518645,
      0.9209304102583875,
      0.8086117884339851,
      0.8309803701560942,
      0.5000000000000001,
      0.9191455432005975,
      0.8651884368795779,
      0.8667552678912949,
      0.7247467432723452,
      0.887065278014749,
      0.9152325737401643,
      0.8919057306526238,
      0.7132880097334198,
      0.899008970420316,
      0.5000000000000001,
      0.889552316368639,
      0.9167233966452037,
      0.9144221690748957,
      0.9149424446452041,
      0.5000000000000001,
      0.7815103581373157,
      0.7095524039677059,
      0.8960189979262059,
      0.5000000000000001,
      0.9032561277613933,
      0.8724961460148535,
      0.8189993093579127,
      0.874926182001327,
      0.5000000000000001,
      0.8904194743582652,
      0.5000000000000001,
      0.7052160187730115,
      0.8680219978627952,
      0.9089239592305971,
      0.9188150541076321,
      0.5,
      0.8908126755452612,
      0.8254569538889593,
      0.7220443866769708,
      0.908142037582623,
      0.7203484057861608,
      0.5,
      0.8694999618949065,
      0.8808645912094286,
      0.7560542180730276,
      0.8126137855972273,
      0.5000000000000001,
      0.9142107474968575,
      0.5000000000000001,
      0.8786176088125219,
      0.8891882233853134,
      0.8415116248608085,
      0.5000000000000003,
      0.8926879000275203,
      0.8838225963692923,
      0.8747312840134072,
      0.7165670235715237
    ],
    "max_abs_err": 0.0039065187500000875,
    "rmse": 0.0012474072904199917
  }
}