{"n_test": 500, "n_calib": 1928, "keys": [1000], "pesq_target": 4.2, "attack_severity": {"knnvc_self4": {"pesq_clean_median": 1.283446729183197, "pesq_clean_iqr": [1.2363416254520416, 1.3482506275177002]}, "knnvc_self8": {"pesq_clean_median": 1.2377650737762451, "pesq_clean_iqr": [1.2052032053470612, 1.3302106261253357]}}, "rows": [{"baseline": "silentcipher", "key": 1000, "attacker": "none", "quality": {"pesq_median": 4.601640462875366, "si_sdr_median": 33.96730637265003, "snr_db_median": 33.96842608876884, "strength": 1.0}, "auc_raw": 0.99, "auc_raw_ci": [0.983, 0.996], "auc_oriented": 0.99, "auc_oriented_ci": [0.983, 0.996], "sign_inverted": false, "operating_point": {"threshold": 0.0, "tpr": 0.98, "tpr_ci": [0.9635275917077902, 0.9903685704135666], "fpr": 0.0, "fpr_ci": [0.0, 0.007350610051907784], "n_pos": 500, "n_neg": 500}, "target_fpr": 0.01}, {"baseline": "silentcipher", "key": 1000, "attacker": "knnvc_self4", "auc_raw": 0.498006, "auc_raw_ci": [0.494, 0.502], "auc_oriented": 0.501994, "auc_oriented_ci": [0.500002, 0.506], "sign_inverted": false, "operating_point": {"threshold": 0.0, "tpr": 0.002, "tpr_ci": [5.0634334007415215e-05, 0.011092476898968787], "fpr": 0.006, "fpr_ci": [0.0012390575435407506, 0.017433673725913514], "n_pos": 500, "n_neg": 500}, "target_fpr": 0.01, "recalibrated_diagnostic": {"threshold": 0.0, "tpr": 0.002, "tpr_ci": [5.0634334007415215e-05, 0.011092476898968787], "fpr": 0.006, "fpr_ci": [0.0012390575435407506, 0.017433673725913514], "n_pos": 500, "n_neg": 500, "diag_fpr": 0.02}}, {"baseline": "silentcipher", "key": 1000, "attacker": "knnvc_self8", "auc_raw": 0.499988, "auc_raw_ci": [0.493986, 0.504992], "auc_oriented": 0.500012, "auc_oriented_ci": [0.500004, 0.50605415], "sign_inverted": false, "operating_point": {"threshold": 0.0, "tpr": 0.008, "tpr_ci": [0.0021839081083421838, 0.020355632593743928], "fpr": 0.008, "fpr_ci": [0.0021839081083421838, 0.020355632593743928], "n_pos": 500, "n_neg": 500}, "target_fpr": 0.01, "recalibrated_diagnostic": {"threshold": 0.0, "tpr": 0.008, "tpr_ci": [0.0021839081083421838, 0.020355632593743928], "fpr": 0.008, "fpr_ci": [0.0021839081083421838, 0.020355632593743928], "n_pos": 500, "n_neg": 500, "diag_fpr": 0.02}}]}