{"n_test": 500, "n_calib": 1928, "keys": [1000], "pesq_target": 4.2, "attack_severity": {"knnvc_self4": {"pesq_clean_median": 1.2958648204803467, "pesq_clean_iqr": [1.2303962409496307, 1.3388062715530396]}, "knnvc_self8": {"pesq_clean_median": 1.258539855480194, "pesq_clean_iqr": [1.1878957450389862, 1.2960748672485352]}}, "rows": [{"baseline": "silentcipher", "key": 1000, "attacker": "none", "quality": {"pesq_median": 4.599581718444824, "si_sdr_median": 33.23179489541539, "snr_db_median": 33.23337466308155, "strength": 1.0}, "auc_raw": 0.991984, "auc_raw_ci": [0.986, 0.996994], "auc_oriented": 0.991984, "auc_oriented_ci": [0.986, 0.996994], "sign_inverted": false, "operating_point": {"threshold": 0.0, "tpr": 0.984, "tpr_ci": [0.9687179983101469, 0.9930676787975165], "fpr": 0.002, "fpr_ci": [5.0634334007415215e-05, 0.011092476898968787], "n_pos": 500, "n_neg": 500}, "target_fpr": 0.01}, {"baseline": "silentcipher", "key": 1000, "attacker": "knnvc_self4", "auc_raw": 0.499002, "auc_raw_ci": [0.495006, 0.502006], "auc_oriented": 0.500998, "auc_oriented_ci": [0.5, 0.5049939999999999], "sign_inverted": false, "operating_point": {"threshold": 0.0, "tpr": 0.002, "tpr_ci": [5.0634334007415215e-05, 0.011092476898968787], "fpr": 0.004, "fpr_ci": [0.0004847861762900009, 0.014374078562200309], "n_pos": 500, "n_neg": 500}, "target_fpr": 0.01, "recalibrated_diagnostic": {"threshold": 0.0, "tpr": 0.002, "tpr_ci": [5.0634334007415215e-05, 0.011092476898968787], "fpr": 0.004, "fpr_ci": [0.0004847861762900009, 0.014374078562200309], "n_pos": 500, "n_neg": 500, "diag_fpr": 0.02}}, {"baseline": "silentcipher", "key": 1000, "attacker": "knnvc_self8", "auc_raw": 0.500002, "auc_raw_ci": [0.497, 0.503], "auc_oriented": 0.500002, "auc_oriented_ci": [0.5, 0.503], "sign_inverted": false, "operating_point": {"threshold": 0.0, "tpr": 0.002, "tpr_ci": [5.0634334007415215e-05, 0.011092476898968787], "fpr": 0.002, "fpr_ci": [5.0634334007415215e-05, 0.011092476898968787], "n_pos": 500, "n_neg": 500}, "target_fpr": 0.01, "recalibrated_diagnostic": {"threshold": 0.0, "tpr": 0.002, "tpr_ci": [5.0634334007415215e-05, 0.011092476898968787], "fpr": 0.002, "fpr_ci": [5.0634334007415215e-05, 0.011092476898968787], "n_pos": 500, "n_neg": 500, "diag_fpr": 0.02}}]}