{"n_test": 500, "n_calib": 1928, "keys": [1000], "pesq_target": 4.2, "attack_severity": {"stft_gl": {"pesq_clean_median": 3.9495036602020264, "pesq_clean_iqr": [3.7224555015563965, 4.106969833374023]}, "mel80_gl": {"pesq_clean_median": 2.7971839904785156, "pesq_clean_iqr": [2.6014623641967773, 3.0464348196983337]}, "vocos": {"pesq_clean_median": 3.60313880443573, "pesq_clean_iqr": [3.3500041365623474, 3.8477019667625427]}, "vocos_encodec6k": {"pesq_clean_median": 3.1838845014572144, "pesq_clean_iqr": [3.0844151973724365, 3.435513734817505]}, "encodec6k": {"pesq_clean_median": 2.756359577178955, "pesq_clean_iqr": [2.5138351917266846, 3.0267328023910522]}, "encodec3k": {"pesq_clean_median": 2.013607978820801, "pesq_clean_iqr": [1.8523035645484924, 2.195879876613617]}, "dac": {"pesq_clean_median": 4.0206639766693115, "pesq_clean_iqr": [3.924706518650055, 4.084176182746887]}, "snac": {"pesq_clean_median": 2.066854953765869, "pesq_clean_iqr": [1.8257287442684174, 2.2081117033958435]}, "knnvc_self4": {"pesq_clean_median": 1.2350342273712158, "pesq_clean_iqr": [1.1715475916862488, 1.3012457489967346]}, "knnvc_self8": {"pesq_clean_median": 1.198958933353424, "pesq_clean_iqr": [1.1563447415828705, 1.2724110782146454]}}, "rows": [{"baseline": "silentcipher", "key": 1000, "attacker": "none", "quality": {"pesq_median": 4.601640462875366, "si_sdr_median": 33.96730637265003, "snr_db_median": 33.96842608876884, "strength": 1.0}, "auc_raw": 0.99, "auc_raw_ci": [0.983, 0.996], "auc_oriented": 0.99, "auc_oriented_ci": [0.983, 0.996], "sign_inverted": false, "operating_point": {"threshold": 0.0, "tpr": 0.98, "tpr_ci": [0.9635275917077902, 0.9903685704135666], "fpr": 0.0, "fpr_ci": [0.0, 0.007350610051907784], "n_pos": 500, "n_neg": 500}, "target_fpr": 0.01}, {"baseline": "silentcipher", "key": 1000, "attacker": "stft_gl", "auc_raw": 0.951904, "auc_raw_ci": [0.938756, 0.963928], "auc_oriented": 0.951904, "auc_oriented_ci": [0.938756, 0.963928], "sign_inverted": false, "operating_point": {"threshold": 0.0, "tpr": 0.904, "tpr_ci": [0.8747352534366691, 0.9283673060246592], "fpr": 0.002, "fpr_ci": [5.0634334007415215e-05, 0.011092476898968787], "n_pos": 500, "n_neg": 500}, "target_fpr": 0.01, "recalibrated_diagnostic": {"threshold": 0.0, "tpr": 0.904, "tpr_ci": [0.8747352534366691, 0.9283673060246592], "fpr": 0.002, "fpr_ci": [5.0634334007415215e-05, 0.011092476898968787], "n_pos": 500, "n_neg": 500, "diag_fpr": 0.02}}, {"baseline": "silentcipher", "key": 1000, "attacker": "mel80_gl", "auc_raw": 0.5, "auc_raw_ci": [0.496, 0.504], "auc_oriented": 0.5, "auc_oriented_ci": [0.5, 0.504008], "sign_inverted": false, "operating_point": {"threshold": 0.0, "tpr": 0.004, "tpr_ci": [0.0004847861762900009, 0.014374078562200309], "fpr": 0.004, "fpr_ci": [0.0004847861762900009, 0.014374078562200309], "n_pos": 500, "n_neg": 500}, "target_fpr": 0.01, "recalibrated_diagnostic": {"threshold": 0.0, "tpr": 0.004, "tpr_ci": [0.0004847861762900009, 0.014374078562200309], "fpr": 0.004, "fpr_ci": [0.0004847861762900009, 0.014374078562200309], "n_pos": 500, "n_neg": 500, "diag_fpr": 0.02}}, {"baseline": "silentcipher", "key": 1000, "attacker": "vocos", "auc_raw": 0.500998, "auc_raw_ci": [0.496992, 0.505994], "auc_oriented": 0.500998, "auc_oriented_ci": [0.5, 0.5059940500000001], "sign_inverted": false, "operating_point": {"threshold": 0.0, "tpr": 0.006, "tpr_ci": [0.0012390575435407506, 0.017433673725913514], "fpr": 0.004, "fpr_ci": [0.0004847861762900009, 0.014374078562200309], "n_pos": 500, "n_neg": 500}, "target_fpr": 0.01, "recalibrated_diagnostic": {"threshold": 0.0, "tpr": 0.006, "tpr_ci": [0.0012390575435407506, 0.017433673725913514], "fpr": 0.004, "fpr_ci": [0.0004847861762900009, 0.014374078562200309], "n_pos": 500, "n_neg": 500, "diag_fpr": 0.02}}, {"baseline": "silentcipher", "key": 1000, "attacker": "vocos_encodec6k", "auc_raw": 0.502, "auc_raw_ci": [0.5, 0.505], "auc_oriented": 0.502, "auc_oriented_ci": [0.5, 0.505], "sign_inverted": false, "operating_point": {"threshold": 0.0, "tpr": 0.004, "tpr_ci": [0.0004847861762900009, 0.014374078562200309], "fpr": 0.0, "fpr_ci": [0.0, 0.007350610051907784], "n_pos": 500, "n_neg": 500}, "target_fpr": 0.01, "recalibrated_diagnostic": {"threshold": 0.0, "tpr": 0.004, "tpr_ci": [0.0004847861762900009, 0.014374078562200309], "fpr": 0.0, "fpr_ci": [0.0, 0.007350610051907784], "n_pos": 500, "n_neg": 500, "diag_fpr": 0.02}}, {"baseline": "silentcipher", "key": 1000, "attacker": "encodec6k", "auc_raw": 0.499, "auc_raw_ci": [0.497, 0.5], "auc_oriented": 0.501, "auc_oriented_ci": [0.5, 0.503], "sign_inverted": false, "operating_point": {"threshold": 0.0, "tpr": 0.0, "tpr_ci": [0.0, 0.007350610051907784], "fpr": 0.002, "fpr_ci": [5.0634334007415215e-05, 0.011092476898968787], "n_pos": 500, "n_neg": 500}, "target_fpr": 0.01, "recalibrated_diagnostic": {"threshold": 0.0, "tpr": 0.0, "tpr_ci": [0.0, 0.007350610051907784], "fpr": 0.002, "fpr_ci": [5.0634334007415215e-05, 0.011092476898968787], "n_pos": 500, "n_neg": 500, "diag_fpr": 0.02}}, {"baseline": "silentcipher", "key": 1000, "attacker": "encodec3k", "auc_raw": 0.500002, "auc_raw_ci": [0.496, 0.504], "auc_oriented": 0.500002, "auc_oriented_ci": [0.5, 0.504996], "sign_inverted": false, "operating_point": {"threshold": 0.0, "tpr": 0.004, "tpr_ci": [0.0004847861762900009, 0.014374078562200309], "fpr": 0.004, "fpr_ci": [0.0004847861762900009, 0.014374078562200309], "n_pos": 500, "n_neg": 500}, "target_fpr": 0.01, "recalibrated_diagnostic": {"threshold": 0.0, "tpr": 0.004, "tpr_ci": [0.0004847861762900009, 0.014374078562200309], "fpr": 0.004, "fpr_ci": [0.0004847861762900009, 0.014374078562200309], "n_pos": 500, "n_neg": 500, "diag_fpr": 0.02}}, {"baseline": "silentcipher", "key": 1000, "attacker": "dac", "auc_raw": 0.497998, "auc_raw_ci": [0.493996, 0.501994], "auc_oriented": 0.5020020000000001, "auc_oriented_ci": [0.5, 0.506004], "sign_inverted": false, "operating_point": {"threshold": 0.0, "tpr": 0.002, "tpr_ci": [5.0634334007415215e-05, 0.011092476898968787], "fpr": 0.006, "fpr_ci": [0.0012390575435407506, 0.017433673725913514], "n_pos": 500, "n_neg": 500}, "target_fpr": 0.01, "recalibrated_diagnostic": {"threshold": 0.0, "tpr": 0.002, "tpr_ci": [5.0634334007415215e-05, 0.011092476898968787], "fpr": 0.006, "fpr_ci": [0.0012390575435407506, 0.017433673725913514], "n_pos": 500, "n_neg": 500, "diag_fpr": 0.02}}, {"baseline": "silentcipher", "key": 1000, "attacker": "snac", "auc_raw": 0.497996, "auc_raw_ci": [0.4939759, 0.50199205], "auc_oriented": 0.502004, "auc_oriented_ci": [0.5, 0.5060241], "sign_inverted": false, "operating_point": {"threshold": 0.0, "tpr": 0.002, "tpr_ci": [5.0634334007415215e-05, 0.011092476898968787], "fpr": 0.006, "fpr_ci": [0.0012390575435407506, 0.017433673725913514], "n_pos": 500, "n_neg": 500}, "target_fpr": 0.01, "recalibrated_diagnostic": {"threshold": 0.0, "tpr": 0.002, "tpr_ci": [5.0634334007415215e-05, 0.011092476898968787], "fpr": 0.006, "fpr_ci": [0.0012390575435407506, 0.017433673725913514], "n_pos": 500, "n_neg": 500, "diag_fpr": 0.02}}, {"baseline": "silentcipher", "key": 1000, "attacker": "knnvc_self4", "auc_raw": 0.501, "auc_raw_ci": [0.498, 0.505], "auc_oriented": 0.501, "auc_oriented_ci": [0.5, 0.505], "sign_inverted": false, "operating_point": {"threshold": 0.0, "tpr": 0.004, "tpr_ci": [0.0004847861762900009, 0.014374078562200309], "fpr": 0.002, "fpr_ci": [5.0634334007415215e-05, 0.011092476898968787], "n_pos": 500, "n_neg": 500}, "target_fpr": 0.01, "recalibrated_diagnostic": {"threshold": 0.0, "tpr": 0.004, "tpr_ci": [0.0004847861762900009, 0.014374078562200309], "fpr": 0.002, "fpr_ci": [5.0634334007415215e-05, 0.011092476898968787], "n_pos": 500, "n_neg": 500, "diag_fpr": 0.02}}, {"baseline": "silentcipher", "key": 1000, "attacker": "knnvc_self8", "auc_raw": 0.502992, "auc_raw_ci": [0.498988, 0.507982], "auc_oriented": 0.502992, "auc_oriented_ci": [0.5000020000000001, 0.507982], "sign_inverted": false, "operating_point": {"threshold": 0.0, "tpr": 0.008,