{"n_test": 1000, "n_calib": 7157, "keys": [1000], "pesq_target": 4.2, "attack_severity": {"stft_gl": {"pesq_clean_median": 3.9495036602020264, "pesq_clean_iqr": [3.7224555015563965, 4.106969833374023]}, "mel80_gl": {"pesq_clean_median": 2.7971839904785156, "pesq_clean_iqr": [2.6014623641967773, 3.0464348196983337]}, "vocos": {"pesq_clean_median": 3.60313880443573, "pesq_clean_iqr": [3.3500041365623474, 3.8477019667625427]}, "vocos_encodec6k": {"pesq_clean_median": 3.1838845014572144, "pesq_clean_iqr": [3.0844151973724365, 3.435513734817505]}, "encodec6k": {"pesq_clean_median": 2.756359577178955, "pesq_clean_iqr": [2.5138351917266846, 3.0267328023910522]}, "encodec3k": {"pesq_clean_median": 2.013607978820801, "pesq_clean_iqr": [1.8523035645484924, 2.195879876613617]}, "dac": {"pesq_clean_median": 4.0206639766693115, "pesq_clean_iqr": [3.924706518650055, 4.084176182746887]}, "snac": {"pesq_clean_median": 2.066854953765869, "pesq_clean_iqr": [1.8257287442684174, 2.2081117033958435]}, "knnvc_self4": {"pesq_clean_median": 1.2350342273712158, "pesq_clean_iqr": [1.1715475916862488, 1.3012457489967346]}, "knnvc_self8": {"pesq_clean_median": 1.198958933353424, "pesq_clean_iqr": [1.1563447415828705, 1.2724110782146454]}}, "rows": [{"baseline": "silentcipher", "key": 1000, "attacker": "none", "auc_raw": 0.990991, "auc_raw_ci": [0.9864865, 0.994995], "auc_oriented": 0.990991, "auc_oriented_ci": [0.9864865, 0.994995], "sign_inverted": false, "operating_point": {"threshold": 0.0, "tpr": 0.982, "tpr_ci": [0.9717009587509808, 0.9892980520705853], "fpr": 0.001, "fpr_ci": [2.5317487491294045e-05, 0.005558924279826672], "n_pos": 1000, "n_neg": 1000}, "target_fpr": 0.01, "quality": {"pesq_median": 4.601640462875366, "si_sdr_median": 33.96730637265003, "snr_db_median": 33.96842608876884, "strength": 1.0}}, {"baseline": "silentcipher", "key": 1000, "attacker": "stft_gl", "auc_raw": 0.950951, "auc_raw_ci": [0.941, 0.9604605], "auc_oriented": 0.950951, "auc_oriented_ci": [0.941, 0.9604605], "sign_inverted": false, "operating_point": {"threshold": 0.0, "tpr": 0.902, "tpr_ci": [0.8818715455687639, 0.9197224945489949], "fpr": 0.001, "fpr_ci": [2.5317487491294045e-05, 0.005558924279826672], "n_pos": 1000, "n_neg": 1000}, "target_fpr": 0.01, "recalibrated_diagnostic": {"threshold": 0.0, "tpr": 0.902, "tpr_ci": [0.8818715455687639, 0.9197224945489949], "fpr": 0.001, "fpr_ci": [2.531748749129404e-05, 0.005558924279826672], "n_pos": 1000, "n_neg": 1000, "diag_fpr": 0.02}}, {"baseline": "silentcipher", "key": 1000, "attacker": "mel80_gl", "auc_raw": 0.4995, "auc_raw_ci": [0.496501975, 0.5024975125000001], "auc_oriented": 0.5005, "auc_oriented_ci": [0.5000005000000001, 0.5035000000000001], "sign_inverted": false, "operating_point": {"threshold": 0.0, "tpr": 0.004, "tpr_ci": [0.0010909079877259714, 0.010209664683929871], "fpr": 0.005, "fpr_ci": [0.00162541951756276, 0.011629470559812147], "n_pos": 1000, "n_neg": 1000}, "target_fpr": 0.01, "recalibrated_diagnostic": {"threshold": 0.0, "tpr": 0.004, "tpr_ci": [0.0010909079877259714, 0.010209664683929871], "fpr": 0.005, "fpr_ci": [0.00162541951756276, 0.011629470559812147], "n_pos": 1000, "n_neg": 1000, "diag_fpr": 0.02}}, {"baseline": "silentcipher", "key": 1000, "attacker": "vocos", "auc_raw": 0.502001, "auc_raw_ci": [0.4990014875, 0.505002], "auc_oriented": 0.502001, "auc_oriented_ci": [0.500002, 0.505002], "sign_inverted": false, "operating_point": {"threshold": 0.0, "tpr": 0.007, "tpr_ci": [0.002818858759620525, 0.014369194978918632], "fpr": 0.003, "fpr_ci": [0.0006190999316495713, 0.008742023238478303], "n_pos": 1000, "n_neg": 1000}, "target_fpr": 0.01, "recalibrated_diagnostic": {"threshold": 0.0, "tpr": 0.007, "tpr_ci": [0.002818858759620524, 0.014369194978918632], "fpr": 0.003, "fpr_ci": [0.0006190999316495713, 0.008742023238478303], "n_pos": 1000, "n_neg": 1000, "diag_fpr": 0.02}}, {"baseline": "silentcipher", "key": 1000, "attacker": "vocos_encodec6k", "auc_raw": 0.502503, "auc_raw_ci": [0.4990094625, 0.506], "auc_oriented": 0.502503, "auc_oriented_ci": [0.500004, 0.506], "sign_inverted": false, "operating_point": {"threshold": 0.0, "tpr": 0.008, "tpr_ci": [0.00345997616532931, 0.015702049176074682], "fpr": 0.003, "fpr_ci": [0.0006190999316495713, 0.008742023238478303], "n_pos": 1000, "n_neg": 1000}, "target_fpr": 0.01, "recalibrated_diagnostic": {"threshold": 0.0, "tpr": 0.008, "tpr_ci": [0.003459976165329311, 0.015702049176074682], "fpr": 0.003, "fpr_ci": [0.0006190999316495713, 0.008742023238478303], "n_pos": 1000, "n_neg": 1000, "diag_fpr": 0.02}}, {"baseline": "silentcipher", "key": 1000, "attacker": "encodec6k", "auc_raw": 0.499, "auc_raw_ci": [0.4975, 0.5], "auc_oriented": 0.501, "auc_oriented_ci": [0.5, 0.5025], "sign_inverted": false, "operating_point": {"threshold": 0.0, "tpr": 0.0, "tpr_ci": [0.0, 0.003682083896865671], "fpr": 0.002, "fpr_ci": [0.00024230111687723185, 0.007205838911457497], "n_pos": 1000, "n_neg": 1000}, "target_fpr": 0.01, "recalibrated_diagnostic": {"threshold": 0.0, "tpr": 0.0, "tpr_ci": [0.0, 0.003682083896865671], "fpr": 0.002, "fpr_ci": [0.00024230111687723185, 0.007205838911457497], "n_pos": 1000, "n_neg": 1000, "diag_fpr": 0.02}}, {"baseline": "silentcipher", "key": 1000, "attacker": "encodec3k", "auc_raw": 0.499002, "auc_raw_ci": [0.49600147499999997, 0.5015040125], "auc_oriented": 0.500998, "auc_oriented_ci": [0.500001, 0.503998525], "sign_inverted": false, "operating_point": {"threshold": 0.0, "tpr": 0.003, "tpr_ci": [0.0006190999316495713, 0.008742023238478303], "fpr": 0.005, "fpr_ci": [0.00162541951756276, 0.011629470559812147], "n_pos": 1000, "n_neg": 1000}, "target_fpr": 0.01, "recalibrated_diagnostic": {"threshold": 0.0, "tpr": 0.003, "tpr_ci": [0.0006190999316495713, 0.008742023238478303], "fpr": 0.005, "fpr_ci": [0.00162541951756276, 0.011629470559812147], "n_pos": 1000, "n_neg": 1000, "diag_fpr": 0.02}}, {"baseline": "silentcipher", "key": 1000, "attacker": "dac", "auc_raw": 0.500504, "auc_raw_ci": [0.4969974625, 0.504007], "auc_oriented": 0.500504, "auc_oriented_ci": [0.5000020000000001, 0.5044919999999999], "sign_inverted": false, "operating_point": {"threshold": 0.0, "tpr": 0.007, "tpr_ci": [0.002818858759620525, 0.014369194978918632], "fpr": 0.006, "fpr_ci": [0.002204982485151377, 0.013013423270974496], "n_pos": 1000, "n_neg": 1000}, "target_fpr": 0.01, "recalibrated_diagnostic": {"threshold": 0.0, "tpr": 0.007, "tpr_ci": [0.002818858759620524, 0.014369194978918632], "fpr": 0.006, "fpr_ci": [0.0022049824851513773, 0.013013423270974496], "n_pos": 1000, "n_neg": 1000, "diag_fpr": 0.02}}, {"baseline": "silentcipher", "key": 1000, "attacker": "snac", "auc_raw": 0.4984985, "auc_raw_ci": [0.495497, 0.501498], "auc_oriented": 0.5015015, "auc_oriented_ci": [0.500001, 0.5045029999999999], "sign_inverted": false, "operating_point": {"threshold": 0.0, "tpr": 0.003, "tpr_ci": [0.0006190999316495713, 0.008742023238478303], "fpr": 0.006, "fpr_ci": [0.002204982485151377, 0.013013423270974496], "n_pos": 1000, "n_neg": 1000}, "target_fpr": 0.01, "recalibrated_diagnostic": {"threshold": 0.0, "tpr": 0.003, "tpr_ci": [0.0006190999316495713, 0.008742023238478303], "fpr": 0.006, "fpr_ci": [0.0022049824851513773, 0.013013423270974496], "n_pos": 1000, "n_neg": 1000, "diag_fpr": 0.02}}, {"baseline": "silentcipher", "key": 1000, "attacker": "knnvc_self4", "auc_raw": 0.4985015, "auc_raw_ci": [0.495998, 0.5010035], "auc_oriented": 0.5014985000000001, "auc_oriented_ci": [0.500001, 0.5040020000000001], "sign_inverted": false, "operating_point": {"threshold": 0.0, "tpr": 0.002, "tpr_ci": [0.00024230111687723185, 0.007205838911457497], "fpr": 0.005, "fpr_ci": [0.00162541951756276, 0.011629470559812147], "n_pos": 1000, "n_neg": 1000}, "target_fpr": 0.01, "recalibrated_diagnostic": {"threshold": 0.0, "tpr": 0.004, "tpr_ci": [0.0010909079877259714, 0.010209664683929871], "fpr": 0.002, "fpr_ci": [0.00024230111687723185, 0.007205838911457497], "n_pos": 1000, "n_neg": 1000, "diag_fpr": 0.02},