{"n_test": 500, "n_calib": 1928, "keys": [1000], "pesq_target": 4.2, "attack_severity": {"stft_gl": {"pesq_clean_median": 3.8940824270248413, "pesq_clean_iqr": [3.766666293144226, 4.118135333061218]}, "mel80_gl": {"pesq_clean_median": 2.7508130073547363, "pesq_clean_iqr": [2.5711705684661865, 2.994676351547241]}, "vocos": {"pesq_clean_median": 3.5640530586242676, "pesq_clean_iqr": [3.3986554741859436, 3.73463898897171]}, "vocos_encodec6k": {"pesq_clean_median": 3.249666929244995, "pesq_clean_iqr": [3.131647527217865, 3.3504327535629272]}, "encodec6k": {"pesq_clean_median": 2.733542323112488, "pesq_clean_iqr": [2.5523374676704407, 2.959855616092682]}, "encodec3k": {"pesq_clean_median": 2.057340979576111, "pesq_clean_iqr": [1.8956973850727081, 2.1309428811073303]}, "dac": {"pesq_clean_median": 4.003875017166138, "pesq_clean_iqr": [3.888417601585388, 4.076143383979797]}, "snac": {"pesq_clean_median": 2.0106372833251953, "pesq_clean_iqr": [1.8605619668960571, 2.1547235250473022]}, "knnvc_self4": {"pesq_clean_median": 1.2254481315612793, "pesq_clean_iqr": [1.1828771829605103, 1.267131507396698]}, "knnvc_self8": {"pesq_clean_median": 1.190433144569397, "pesq_clean_iqr": [1.1495716273784637, 1.2388348579406738]}}, "rows": [{"baseline": "silentcipher", "key": 1000, "attacker": "none", "quality": {"pesq_median": 4.599581718444824, "si_sdr_median": 33.23179489541539, "snr_db_median": 33.23337466308155, "strength": 1.0}, "auc_raw": 0.991984, "auc_raw_ci": [0.986, 0.996994], "auc_oriented": 0.991984, "auc_oriented_ci": [0.986, 0.996994], "sign_inverted": false, "operating_point": {"threshold": 0.0, "tpr": 0.984, "tpr_ci": [0.9687179983101469, 0.9930676787975165], "fpr": 0.002, "fpr_ci": [5.0634334007415215e-05, 0.011092476898968787], "n_pos": 500, "n_neg": 500}, "target_fpr": 0.01}, {"baseline": "silentcipher", "key": 1000, "attacker": "stft_gl", "auc_raw": 0.95, "auc_raw_ci": [0.937, 0.963], "auc_oriented": 0.95, "auc_oriented_ci": [0.937, 0.963], "sign_inverted": false, "operating_point": {"threshold": 0.0, "tpr": 0.9, "tpr_ci": [0.8702909143377969, 0.9248641849335745], "fpr": 0.0, "fpr_ci": [0.0, 0.007350610051907784], "n_pos": 500, "n_neg": 500}, "target_fpr": 0.01, "recalibrated_diagnostic": {"threshold": 0.0, "tpr": 0.9, "tpr_ci": [0.8702909143377969, 0.9248641849335745], "fpr": 0.0, "fpr_ci": [0.0, 0.007350610051907784], "n_pos": 500, "n_neg": 500, "diag_fpr": 0.02}}, {"baseline": "silentcipher", "key": 1000, "attacker": "mel80_gl", "auc_raw": 0.499002, "auc_raw_ci": [0.494002, 0.503016], "auc_oriented": 0.500998, "auc_oriented_ci": [0.5, 0.506], "sign_inverted": false, "operating_point": {"threshold": 0.0, "tpr": 0.004, "tpr_ci": [0.0004847861762900009, 0.014374078562200309], "fpr": 0.006, "fpr_ci": [0.0012390575435407506, 0.017433673725913514], "n_pos": 500, "n_neg": 500}, "target_fpr": 0.01, "recalibrated_diagnostic": {"threshold": 0.0, "tpr": 0.004, "tpr_ci": [0.0004847861762900009, 0.014374078562200309], "fpr": 0.006, "fpr_ci": [0.0012390575435407506, 0.017433673725913514], "n_pos": 500, "n_neg": 500, "diag_fpr": 0.02}}, {"baseline": "silentcipher", "key": 1000, "attacker": "vocos", "auc_raw": 0.503, "auc_raw_ci": [0.499, 0.508], "auc_oriented": 0.503, "auc_oriented_ci": [0.5, 0.508], "sign_inverted": false, "operating_point": {"threshold": 0.0, "tpr": 0.008, "tpr_ci": [0.0021839081083421838, 0.020355632593743928], "fpr": 0.002, "fpr_ci": [5.0634334007415215e-05, 0.011092476898968787], "n_pos": 500, "n_neg": 500}, "target_fpr": 0.01, "recalibrated_diagnostic": {"threshold": 0.0, "tpr": 0.008, "tpr_ci": [0.0021839081083421838, 0.020355632593743928], "fpr": 0.002, "fpr_ci": [5.0634334007415215e-05, 0.011092476898968787], "n_pos": 500, "n_neg": 500, "diag_fpr": 0.02}}, {"baseline": "silentcipher", "key": 1000, "attacker": "vocos_encodec6k", "auc_raw": 0.50301, "auc_raw_ci": [0.497004, 0.5090161], "auc_oriented": 0.50301, "auc_oriented_ci": [0.500006, 0.50902], "sign_inverted": false, "operating_point": {"threshold": 0.0, "tpr": 0.012, "tpr_ci": [0.004416172285801643, 0.025934927265336975], "fpr": 0.006, "fpr_ci": [0.0012390575435407506, 0.017433673725913514], "n_pos": 500, "n_neg": 500}, "target_fpr": 0.01, "recalibrated_diagnostic": {"threshold": 0.0, "tpr": 0.012, "tpr_ci": [0.004416172285801643, 0.025934927265336975], "fpr": 0.006, "fpr_ci": [0.0012390575435407506, 0.017433673725913514], "n_pos": 500, "n_neg": 500, "diag_fpr": 0.02}}, {"baseline": "silentcipher", "key": 1000, "attacker": "encodec6k", "auc_raw": 0.499, "auc_raw_ci": [0.497, 0.5], "auc_oriented": 0.501, "auc_oriented_ci": [0.5, 0.503], "sign_inverted": false, "operating_point": {"threshold": 0.0, "tpr": 0.0, "tpr_ci": [0.0, 0.007350610051907784], "fpr": 0.002, "fpr_ci": [5.0634334007415215e-05, 0.011092476898968787], "n_pos": 500, "n_neg": 500}, "target_fpr": 0.01, "recalibrated_diagnostic": {"threshold": 0.0, "tpr": 0.0, "tpr_ci": [0.0, 0.007350610051907784], "fpr": 0.002, "fpr_ci": [5.0634334007415215e-05, 0.011092476898968787], "n_pos": 500, "n_neg": 500, "diag_fpr": 0.02}}, {"baseline": "silentcipher", "key": 1000, "attacker": "encodec3k", "auc_raw": 0.498002, "auc_raw_ci": [0.494, 0.502], "auc_oriented": 0.5019979999999999, "auc_oriented_ci": [0.5, 0.506], "sign_inverted": false, "operating_point": {"threshold": 0.0, "tpr": 0.002, "tpr_ci": [5.0634334007415215e-05, 0.011092476898968787], "fpr": 0.006, "fpr_ci": [0.0012390575435407506, 0.017433673725913514], "n_pos": 500, "n_neg": 500}, "target_fpr": 0.01, "recalibrated_diagnostic": {"threshold": 0.0, "tpr": 0.002, "tpr_ci": [5.0634334007415215e-05, 0.011092476898968787], "fpr": 0.006, "fpr_ci": [0.0012390575435407506, 0.017433673725913514], "n_pos": 500, "n_neg": 500, "diag_fpr": 0.02}}, {"baseline": "silentcipher", "key": 1000, "attacker": "dac", "auc_raw": 0.503004, "auc_raw_ci": [0.497008, 0.509], "auc_oriented": 0.503004, "auc_oriented_ci": [0.500006, 0.509], "sign_inverted": false, "operating_point": {"threshold": 0.0, "tpr": 0.012, "tpr_ci": [0.004416172285801643, 0.025934927265336975], "fpr": 0.006, "fpr_ci": [0.0012390575435407506, 0.017433673725913514], "n_pos": 500, "n_neg": 500}, "target_fpr": 0.01, "recalibrated_diagnostic": {"threshold": 0.0, "tpr": 0.012, "tpr_ci": [0.004416172285801643, 0.025934927265336975], "fpr": 0.006, "fpr_ci": [0.0012390575435407506, 0.017433673725913514], "n_pos": 500, "n_neg": 500, "diag_fpr": 0.02}}, {"baseline": "silentcipher", "key": 1000, "attacker": "snac", "auc_raw": 0.499002, "auc_raw_ci": [0.49401985000000004, 0.503004], "auc_oriented": 0.500998, "auc_oriented_ci": [0.5, 0.505986], "sign_inverted": false, "operating_point": {"threshold": 0.0, "tpr": 0.004, "tpr_ci": [0.0004847861762900009, 0.014374078562200309], "fpr": 0.006, "fpr_ci": [0.0012390575435407506, 0.017433673725913514], "n_pos": 500, "n_neg": 500}, "target_fpr": 0.01, "recalibrated_diagnostic": {"threshold": 0.0, "tpr": 0.004, "tpr_ci": [0.0004847861762900009, 0.014374078562200309], "fpr": 0.006, "fpr_ci": [0.0012390575435407506, 0.017433673725913514], "n_pos": 500, "n_neg": 500, "diag_fpr": 0.02}}, {"baseline": "silentcipher", "key": 1000, "attacker": "knnvc_self4", "auc_raw": 0.501004, "auc_raw_ci": [0.498, 0.505], "auc_oriented": 0.501004, "auc_oriented_ci": [0.5, 0.505], "sign_inverted": false, "operating_point": {"threshold": 0.0, "tpr": 0.004, "tpr_ci": [0.0004847861762900009, 0.014374078562200309], "fpr": 0.002, "fpr_ci": [5.0634334007415215e-05, 0.011092476898968787], "n_pos": 500, "n_neg": 500}, "target_fpr": 0.01, "recalibrated_diagnostic": {"threshold": 0.0, "tpr": 0.004, "tpr_ci": [0.0004847861762900009, 0.014374078562200309], "fpr": 0.002, "fpr_ci": [5.0634334007415215e-05, 0.011092476898968787], "n_pos": 500, "n_neg": 500, "diag_fpr": 0.02}}, {"baseline": "silentcipher", "key": 1000, "attacker": "knnvc_self8", "auc_raw": 0.498996, "auc_raw_ci": [0.49598965, 0.502], "auc_oriented": 0.501004, "auc_oriented_ci": [0.5, 0.504024], "sign_inverted": false, "operating_point": {"threshold": 0.0, "tpr": 0.002,