{"n_test": 1000, "n_calib": 7157, "keys": [1000, 1017], "pesq_target": 4.2, "attack_severity": {"stft_gl": {"pesq_clean_median": 3.9615509510040283, "pesq_clean_iqr": [3.79351544380188, 4.121770262718201]}, "mel80_gl": {"pesq_clean_median": 2.8385435342788696, "pesq_clean_iqr": [2.600399374961853, 3.0421611666679382]}, "vocos": {"pesq_clean_median": 3.60313880443573, "pesq_clean_iqr": [3.3500041365623474, 3.8477019667625427]}, "vocos_encodec6k": {"pesq_clean_median": 3.1838845014572144, "pesq_clean_iqr": [3.0844151973724365, 3.435513734817505]}, "encodec6k": {"pesq_clean_median": 2.756359577178955, "pesq_clean_iqr": [2.5138351917266846, 3.0267328023910522]}, "encodec3k": {"pesq_clean_median": 2.013607978820801, "pesq_clean_iqr": [1.8523035645484924, 2.195879876613617]}, "dac": {"pesq_clean_median": 4.0206639766693115, "pesq_clean_iqr": [3.924706518650055, 4.084176182746887]}, "snac": {"pesq_clean_median": 2.072197914123535, "pesq_clean_iqr": [1.829721748828888, 2.201499879360199]}, "knnvc_self4": {"pesq_clean_median": 1.283446729183197, "pesq_clean_iqr": [1.2363416254520416, 1.3482506275177002]}, "knnvc_self8": {"pesq_clean_median": 1.2377650737762451, "pesq_clean_iqr": [1.2052032053470612, 1.3302106261253357]}}, "rows": [{"baseline": "wavmark", "key": 1000, "attacker": "none", "quality": {"pesq_median": 4.28331446647644, "si_sdr_median": 37.00872546486603, "snr_db_median": 37.00896255834692, "strength": 1.0}, "auc_raw": 1.0, "auc_raw_ci": [1.0, 1.0], "auc_oriented": 1.0, "auc_oriented_ci": [1.0, 1.0], "sign_inverted": false, "operating_point": {"threshold": 0.0, "tpr": 1.0, "tpr_ci": [0.9963179161031344, 1.0], "fpr": 0.0, "fpr_ci": [0.0, 0.003682083896865671], "n_pos": 1000, "n_neg": 1000}, "target_fpr": 0.01}, {"baseline": "wavmark", "key": 1000, "attacker": "stft_gl", "auc_raw": 1.0, "auc_raw_ci": [1.0, 1.0], "auc_oriented": 1.0, "auc_oriented_ci": [1.0, 1.0], "sign_inverted": false, "operating_point": {"threshold": 0.0, "tpr": 1.0, "tpr_ci": [0.9963179161031344, 1.0], "fpr": 0.0, "fpr_ci": [0.0, 0.003682083896865671], "n_pos": 1000, "n_neg": 1000}, "target_fpr": 0.01, "recalibrated_diagnostic": {"threshold": 0.0, "tpr": 1.0, "tpr_ci": [0.9963179161031344, 1.0], "fpr": 0.0, "fpr_ci": [0.0, 0.003682083896865671], "n_pos": 1000, "n_neg": 1000, "diag_fpr": 0.02}}, {"baseline": "wavmark", "key": 1000, "attacker": "mel80_gl", "auc_raw": 0.5, "auc_raw_ci": [0.5, 0.5], "auc_oriented": 0.5, "auc_oriented_ci": [0.5, 0.5], "sign_inverted": false, "operating_point": {"threshold": 0.0, "tpr": 0.0, "tpr_ci": [0.0, 0.003682083896865671], "fpr": 0.0, "fpr_ci": [0.0, 0.003682083896865671], "n_pos": 1000, "n_neg": 1000}, "target_fpr": 0.01, "recalibrated_diagnostic": {"threshold": 0.0, "tpr": 0.0, "tpr_ci": [0.0, 0.003682083896865671], "fpr": 0.0, "fpr_ci": [0.0, 0.003682083896865671], "n_pos": 1000, "n_neg": 1000, "diag_fpr": 0.02}}, {"baseline": "wavmark", "key": 1000, "attacker": "vocos", "auc_raw": 0.5, "auc_raw_ci": [0.5, 0.5], "auc_oriented": 0.5, "auc_oriented_ci": [0.5, 0.5], "sign_inverted": false, "operating_point": {"threshold": 0.0, "tpr": 0.0, "tpr_ci": [0.0, 0.003682083896865671], "fpr": 0.0, "fpr_ci": [0.0, 0.003682083896865671], "n_pos": 1000, "n_neg": 1000}, "target_fpr": 0.01, "recalibrated_diagnostic": {"threshold": 0.0, "tpr": 0.0, "tpr_ci": [0.0, 0.003682083896865671], "fpr": 0.0, "fpr_ci": [0.0, 0.003682083896865671], "n_pos": 1000, "n_neg": 1000, "diag_fpr": 0.02}}, {"baseline": "wavmark", "key": 1000, "attacker": "vocos_encodec6k", "auc_raw": 0.5, "auc_raw_ci": [0.5, 0.5], "auc_oriented": 0.5, "auc_oriented_ci": [0.5, 0.5], "sign_inverted": false, "operating_point": {"threshold": 0.0, "tpr": 0.0, "tpr_ci": [0.0, 0.003682083896865671], "fpr": 0.0, "fpr_ci": [0.0, 0.003682083896865671], "n_pos": 1000, "n_neg": 1000}, "target_fpr": 0.01, "recalibrated_diagnostic": {"threshold": 0.0, "tpr": 0.0, "tpr_ci": [0.0, 0.003682083896865671], "fpr": 0.0, "fpr_ci": [0.0, 0.003682083896865671], "n_pos": 1000, "n_neg": 1000, "diag_fpr": 0.02}}, {"baseline": "wavmark", "key": 1000, "attacker": "encodec6k", "auc_raw": 0.5, "auc_raw_ci": [0.5, 0.5], "auc_oriented": 0.5, "auc_oriented_ci": [0.5, 0.5], "sign_inverted": false, "operating_point": {"threshold": 0.0, "tpr": 0.0, "tpr_ci": [0.0, 0.003682083896865671], "fpr": 0.0, "fpr_ci": [0.0, 0.003682083896865671], "n_pos": 1000, "n_neg": 1000}, "target_fpr": 0.01, "recalibrated_diagnostic": {"threshold": 0.0, "tpr": 0.0, "tpr_ci": [0.0, 0.003682083896865671], "fpr": 0.0, "fpr_ci": [0.0, 0.003682083896865671], "n_pos": 1000, "n_neg": 1000, "diag_fpr": 0.02}}, {"baseline": "wavmark", "key": 1000, "attacker": "encodec3k", "auc_raw": 0.5, "auc_raw_ci": [0.5, 0.5], "auc_oriented": 0.5, "auc_oriented_ci": [0.5, 0.5], "sign_inverted": false, "operating_point": {"threshold": 0.0, "tpr": 0.0, "tpr_ci": [0.0, 0.003682083896865671], "fpr": 0.0, "fpr_ci": [0.0, 0.003682083896865671], "n_pos": 1000, "n_neg": 1000}, "target_fpr": 0.01, "recalibrated_diagnostic": {"threshold": 0.0, "tpr": 0.0, "tpr_ci": [0.0, 0.003682083896865671], "fpr": 0.0, "fpr_ci": [0.0, 0.003682083896865671], "n_pos": 1000, "n_neg": 1000, "diag_fpr": 0.02}}, {"baseline": "wavmark", "key": 1000, "attacker": "dac", "auc_raw": 0.5, "auc_raw_ci": [0.5, 0.5], "auc_oriented": 0.5, "auc_oriented_ci": [0.5, 0.5], "sign_inverted": false, "operating_point": {"threshold": 0.0, "tpr": 0.0, "tpr_ci": [0.0, 0.003682083896865671], "fpr": 0.0, "fpr_ci": [0.0, 0.003682083896865671], "n_pos": 1000, "n_neg": 1000}, "target_fpr": 0.01, "recalibrated_diagnostic": {"threshold": 0.0, "tpr": 0.0, "tpr_ci": [0.0, 0.003682083896865671], "fpr": 0.0, "fpr_ci": [0.0, 0.003682083896865671], "n_pos": 1000, "n_neg": 1000, "diag_fpr": 0.02}}, {"baseline": "wavmark", "key": 1000, "attacker": "snac", "auc_raw": 0.5, "auc_raw_ci": [0.5, 0.5], "auc_oriented": 0.5, "auc_oriented_ci": [0.5, 0.5], "sign_inverted": false, "operating_point": {"threshold": 0.0, "tpr": 0.0, "tpr_ci": [0.0, 0.003682083896865671], "fpr": 0.0, "fpr_ci": [0.0, 0.003682083896865671], "n_pos": 1000, "n_neg": 1000}, "target_fpr": 0.01, "recalibrated_diagnostic": {"threshold": 0.0, "tpr": 0.0, "tpr_ci": [0.0, 0.003682083896865671], "fpr": 0.0, "fpr_ci": [0.0, 0.003682083896865671], "n_pos": 1000, "n_neg": 1000, "diag_fpr": 0.02}}, {"baseline": "wavmark", "key": 1000, "attacker": "knnvc_self4", "auc_raw": 0.5, "auc_raw_ci": [0.5, 0.5], "auc_oriented": 0.5, "auc_oriented_ci": [0.5, 0.5], "sign_inverted": false, "operating_point": {"threshold": 0.0, "tpr": 0.0, "tpr_ci": [0.0, 0.003682083896865671], "fpr": 0.0, "fpr_ci": [0.0, 0.003682083896865671], "n_pos": 1000, "n_neg": 1000}, "target_fpr": 0.01, "recalibrated_diagnostic": {"threshold": 0.0, "tpr": 0.0, "tpr_ci": [0.0, 0.003682083896865671], "fpr": 0.0, "fpr_ci": [0.0, 0.003682083896865671], "n_pos": 1000, "n_neg": 1000, "diag_fpr": 0.02}}, {"baseline": "wavmark", "key": 1000, "attacker": "knnvc_self8", "auc_raw": 0.5, "auc_raw_ci": [0.5, 0.5], "auc_oriented": 0.5, "auc_oriented_ci": [0.5, 0.5], "sign_inverted": false, "operating_point": {"threshold": 0.0, "tpr": 0.0, "tpr_ci": [0.0, 0.003682083896865671], "fpr": 0.0, "fpr_ci": [0.0, 0.003682083896865671], "n_pos": 1000, "n_neg": 1000}, "target_fpr": 0.01, "recalibrated_diagnostic": {"threshold": 0.0, "tpr": 0.0, "tpr_ci": [0.0, 0.003682083896865671], "fpr": 0.0, "fpr_ci": [0.0, 0.003682083896865671], "n_pos": 1000, "n_neg": 1000, "diag_fpr": 0.02}}, {"baseline": "wavmark", "key": 1017, "attacker": "none", "quality": {"pesq_median": 4.255094766616821, "si_sdr_median": 36.969100258285145, "snr_db_median": 36.969313657888975, "strength": 1.0}, "auc_raw": 1.0, "auc_raw_ci": [1.0, 1.0], "auc_oriented": 1.0, "auc_oriented_ci": [1.0, 1.0], "sign_inverted": false, "operating_point": {"threshold": 0.0, "tpr": 1.0, "tpr_ci": [0.9963179161031344, 1.0], "fpr": 0.0, "fpr_ci": [0.0, 0.003682083896865671], "n_pos": 1000, "n_neg": 1000}, "target_fpr": 0.01}, {"baseline": "wavmark", "key": 1017, "attacker": "stft_gl", "auc_raw": 1.0,