{"n_test": 1000, "n_calib": 7157, "keys": [1000, 1017], "pesq_target": 4.2, "attack_severity": {"stft_gl": {"pesq_clean_median": 3.9690662622451782, "pesq_clean_iqr": [3.7750492691993713, 4.092105031013489]}, "mel80_gl": {"pesq_clean_median": 2.8041714429855347, "pesq_clean_iqr": [2.5576995611190796, 2.9781508445739746]}, "vocos": {"pesq_clean_median": 3.60313880443573, "pesq_clean_iqr": [3.3500041365623474, 3.8477019667625427]}, "vocos_encodec6k": {"pesq_clean_median": 3.1838845014572144, "pesq_clean_iqr": [3.0844151973724365, 3.435513734817505]}, "encodec6k": {"pesq_clean_median": 2.756359577178955, "pesq_clean_iqr": [2.5138351917266846, 3.0267328023910522]}, "encodec3k": {"pesq_clean_median": 2.013607978820801, "pesq_clean_iqr": [1.8523035645484924, 2.195879876613617]}, "dac": {"pesq_clean_median": 4.0206639766693115, "pesq_clean_iqr": [3.924706518650055, 4.084176182746887]}, "snac": {"pesq_clean_median": 2.074891686439514, "pesq_clean_iqr": [1.8305065631866455, 2.2071902751922607]}, "knnvc_self4": {"pesq_clean_median": 1.283446729183197, "pesq_clean_iqr": [1.2363416254520416, 1.3482506275177002]}, "knnvc_self8": {"pesq_clean_median": 1.2377650737762451, "pesq_clean_iqr": [1.2052032053470612, 1.3302106261253357]}}, "rows": [{"baseline": "audioseal", "key": 1000, "attacker": "none", "quality": {"pesq_median": 4.422235727310181, "si_sdr_median": 26.10308001824378, "snr_db_median": 26.113627685748025, "strength": 1.0}, "auc_raw": 1.0, "auc_raw_ci": [1.0, 1.0], "auc_oriented": 1.0, "auc_oriented_ci": [1.0, 1.0], "sign_inverted": false, "operating_point": {"threshold": 0.02315625175833702, "tpr": 1.0, "tpr_ci": [0.9963179161031344, 1.0], "fpr": 0.007, "fpr_ci": [0.002818858759620525, 0.014369194978918632], "n_pos": 1000, "n_neg": 1000}, "target_fpr": 0.01}, {"baseline": "audioseal", "key": 1000, "attacker": "stft_gl", "auc_raw": 0.9759665, "auc_raw_ci": [0.9687620124999999, 0.9825909625], "auc_oriented": 0.9759665, "auc_oriented_ci": [0.9687620124999999, 0.9825909625], "sign_inverted": false, "operating_point": {"threshold": 0.02315625175833702, "tpr": 0.816, "tpr_ci": [0.7905658665854715, 0.839557716815212], "fpr": 0.0, "fpr_ci": [0.0, 0.003682083896865671], "n_pos": 1000, "n_neg": 1000}, "target_fpr": 0.01, "recalibrated_diagnostic": {"threshold": 0.014281250536441803, "tpr": 0.862, "tpr_ci": [0.8390570783886684, 0.8827864176914192], "fpr": 0.004, "fpr_ci": [0.0010909079877259714, 0.010209664683929871], "n_pos": 1000, "n_neg": 1000, "diag_fpr": 0.01}}, {"baseline": "audioseal", "key": 1000, "attacker": "mel80_gl", "auc_raw": 0.5426775, "auc_raw_ci": [0.5281542625, 0.5576507624999999], "auc_oriented": 0.5426775, "auc_oriented_ci": [0.5281542625, 0.5576507624999999], "sign_inverted": false, "operating_point": {"threshold": 0.02315625175833702, "tpr": 0.0, "tpr_ci": [0.0, 0.003682083896865671], "fpr": 0.002, "fpr_ci": [0.00024230111687723185, 0.007205838911457497], "n_pos": 1000, "n_neg": 1000}, "target_fpr": 0.01, "recalibrated_diagnostic": {"threshold": 0.006812500301748514, "tpr": 0.029, "tpr_ci": [0.019505937324384624, 0.041384719116401916], "fpr": 0.025, "fpr_ci": [0.01624253569688223, 0.03668482305192304], "n_pos": 1000, "n_neg": 1000, "diag_fpr": 0.01}}, {"baseline": "audioseal", "key": 1000, "attacker": "vocos", "auc_raw": 0.547697, "auc_raw_ci": [0.53094505, 0.5645595125], "auc_oriented": 0.547697, "auc_oriented_ci": [0.53094505, 0.5645595125], "sign_inverted": false, "operating_point": {"threshold": 0.02315625175833702, "tpr": 0.012, "tpr_ci": [0.006215525559595245, 0.02086767959103641], "fpr": 0.007, "fpr_ci": [0.002818858759620525, 0.014369194978918632], "n_pos": 1000, "n_neg": 1000}, "target_fpr": 0.01, "recalibrated_diagnostic": {"threshold": 0.01126562524586916, "tpr": 0.04, "tpr_ci": [0.0287276252858908, 0.0540726968193685], "fpr": 0.021, "fpr_ci": [0.013045192290387683, 0.0319223351804155], "n_pos": 1000, "n_neg": 1000, "diag_fpr": 0.01}}, {"baseline": "audioseal", "key": 1000, "attacker": "vocos_encodec6k", "auc_raw": 0.5159245, "auc_raw_ci": [0.5019243624999999, 0.5295791125], "auc_oriented": 0.5159245, "auc_oriented_ci": [0.5024318, 0.5295791125], "sign_inverted": false, "operating_point": {"threshold": 0.02315625175833702, "tpr": 0.009, "tpr_ci": [0.004123395660342473, 0.017015783069894586], "fpr": 0.003, "fpr_ci": [0.0006190999316495713, 0.008742023238478303], "n_pos": 1000, "n_neg": 1000}, "target_fpr": 0.01, "recalibrated_diagnostic": {"threshold": 0.012531250715255737, "tpr": 0.018, "tpr_ci": [0.010701947929414703, 0.028299041249019177], "fpr": 0.011, "fpr_ci": [0.005503594192313587, 0.019596628222016514], "n_pos": 1000, "n_neg": 1000, "diag_fpr": 0.01}}, {"baseline": "audioseal", "key": 1000, "attacker": "encodec6k", "auc_raw": 0.9382835, "auc_raw_ci": [0.9286527375, 0.9474965375], "auc_oriented": 0.9382835, "auc_oriented_ci": [0.9286527375, 0.9474965375], "sign_inverted": false, "operating_point": {"threshold": 0.02315625175833702, "tpr": 0.993, "tpr_ci": [0.9856308050210814, 0.9971811412403795], "fpr": 0.729, "fpr_ci": [0.7003040044854938, 0.7563407624343825], "n_pos": 1000, "n_neg": 1000}, "target_fpr": 0.01, "recalibrated_diagnostic": {"threshold": 0.396421879529953, "tpr": 0.651, "tpr_ci": [0.6205463608539474, 0.6805614022670321], "fpr": 0.021, "fpr_ci": [0.013045192290387683, 0.0319223351804155], "n_pos": 1000, "n_neg": 1000, "diag_fpr": 0.01}}, {"baseline": "audioseal", "key": 1000, "attacker": "encodec3k", "auc_raw": 0.830841, "auc_raw_ci": [0.8159673875, 0.8451111375], "auc_oriented": 0.830841, "auc_oriented_ci": [0.8159673875, 0.8451111375], "sign_inverted": false, "operating_point": {"threshold": 0.02315625175833702, "tpr": 0.98, "tpr_ci": [0.9692799673173909, 0.9877417320275936], "fpr": 0.795, "fpr_ci": [0.7686268950660801, 0.8196232310113184], "n_pos": 1000, "n_neg": 1000}, "target_fpr": 0.01, "recalibrated_diagnostic": {"threshold": 0.5731719136238098, "tpr": 0.189, "tpr_ci": [0.16517848646712338, 0.2146677427489162], "fpr": 0.014, "fpr_ci": [0.007674501565020781, 0.023378156010314503], "n_pos": 1000, "n_neg": 1000, "diag_fpr": 0.01}}, {"baseline": "audioseal", "key": 1000, "attacker": "dac", "auc_raw": 0.918517, "auc_raw_ci": [0.90706355, 0.9296319125], "auc_oriented": 0.918517, "auc_oriented_ci": [0.90706355, 0.9296319125], "sign_inverted": false, "operating_point": {"threshold": 0.02315625175833702, "tpr": 0.544, "tpr_ci": [0.5125392225900189, 0.5752010283644174], "fpr": 0.007, "fpr_ci": [0.002818858759620525, 0.014369194978918632], "n_pos": 1000, "n_neg": 1000}, "target_fpr": 0.01, "recalibrated_diagnostic": {"threshold": 0.021828126162290573, "tpr": 0.558, "tpr_ci": [0.5265866448912517, 0.5890709382229893], "fpr": 0.008, "fpr_ci": [0.00345997616532931, 0.015702049176074682], "n_pos": 1000, "n_neg": 1000, "diag_fpr": 0.01}}, {"baseline": "audioseal", "key": 1000, "attacker": "snac", "auc_raw": 0.497177, "auc_raw_ci": [0.48367615, 0.510331], "auc_oriented": 0.502823, "auc_oriented_ci": [0.500247225, 0.5169376625], "sign_inverted": false, "operating_point": {"threshold": 0.02315625175833702, "tpr": 0.002, "tpr_ci": [0.00024230111687723185, 0.007205838911457497], "fpr": 0.004, "fpr_ci": [0.0010909079877259714, 0.010209664683929871], "n_pos": 1000, "n_neg": 1000}, "target_fpr": 0.01, "recalibrated_diagnostic": {"threshold": 0.013718750327825546, "tpr": 0.01, "tpr_ci": [0.004805510691049308, 0.01831324305511245], "fpr": 0.014, "fpr_ci": [0.007674501565020781, 0.023378156010314503], "n_pos": 1000, "n_neg": 1000, "diag_fpr": 0.01}}, {"baseline": "audioseal", "key": 1000, "attacker": "knnvc_self4", "auc_raw": 0.5120745, "auc_raw_ci": [0.49798282499999996, 0.528042325], "auc_oriented": 0.5120745, "auc_oriented_ci": [0.5009049625, 0.528042325], "sign_inverted": false, "operating_point": {"threshold": 0.02315625175833702, "tpr": 0.006, "tpr_ci": [0.002204982485151377, 0.013013423270974496], "fpr": 0.012, "fpr_ci": [0.006215525559595245, 0.02086767959103641], "n_pos": 1000, "n_neg": 1000}, "target_fpr": 0.01,