{"bits": 8, "n_clips": 200, "pesq_median": 4.2020463943481445, "snr_db_median": 16.83275032043457, "channels": {"mel80_gl": {"ber": 0.099375, "ber_ci": [0.08514897997815209, 0.11508958231296494], "bler": 0.505, "bler_ci": [0.4335866549750118, 0.5762629496829226]}, "vocos": {"ber": 0.10375, "ber_ci": [0.08923334157186083, 0.11973821836757126], "bler": 0.535, "bler_ci": [0.4632998577883213, 0.6056472647385432]}, "encodec6k": {"ber": 0.169375, "ber_ci": [0.1513033538002386, 0.18866843574223927], "bler": 0.72, "bler_ci": [0.6523112627953918, 0.781038844329967]}, "dac": {"ber": 0.171875, "ber_ci": [0.1536916026188697, 0.19127079638035796], "bler": 0.725, "bler_ci": [0.6575745813762495, 0.7856225847569047]}, "snac": {"ber": 0.46625, "ber_ci": [0.44157485290099563, 0.491049195936992], "bler": 0.99, "bler_ci": [0.9643453316027603, 0.998786650986264]}, "none": {"ber": 0.045, "ber_ci": [0.03537350216498891, 0.0563370216219485], "bler": 0.24, "bler_ci": [0.18257190389247274, 0.3053062856471396]}}}