{"bits": 16, "n_clips": 200, "pesq_median": 4.205166339874268, "snr_db_median": 16.83275032043457, "channels": {"mel80_gl": {"ber": 0.18375, "ber_ci": [0.1704691249960673, 0.19761147483284874], "bler": 0.95, "bler_ci": [0.9099724622986486, 0.9757658345278915]}, "vocos": {"ber": 0.1953125, "ber_ci": [0.18170380023142543, 0.2094803780702178], "bler": 0.975, "bler_ci": [0.9426256488731541, 0.9918338338091575]}, "encodec6k": {"ber": 0.2171875, "ber_ci": [0.20300851317248053, 0.23188522539641535], "bler": 0.98, "bler_ci": [0.9495863909101037, 0.9945244341204436]}, "dac": {"ber": 0.1915625, "ber_ci": [0.1780580228369438, 0.2056330990897504], "bler": 0.955, "bler_ci": [0.916297311924146, 0.9792195777729956]}, "snac": {"ber": 0.4621875, "ber_ci": [0.4447983084260271, 0.47964587813366516], "bler": 1.0, "bler_ci": [0.9817246596448638, 1.0]}, "none": {"ber": 0.0928125, "ber_ci": [0.08297815486408777, 0.10339814206326248], "bler": 0.75, "bler_ci": [0.6840371666701309, 0.8083928303774125]}}}